[{"@id":"501212","@latitude":"-6.90992","@longitude":"107.64691","@coordinate":"107.64691 -6.90992","@type":"land","@region":"","@level":"1","@description":"Bandung","@domain":"Jawa Barat","@tags":"","name":[{"@xml:lang":"en_US","#text":"Bandung"},{"@xml:lang":"id_ID","#text":"Kota Bandung"}],"parameter":[{"@id":"hu","@description":"Humidity","@type":"hourly","timerange":[{"@type":"hourly","@h":"0","@datetime":"202309260000","value":{"@unit":"%","#text":"75"}},{"@type":"hourly","@h":"6","@datetime":"202309260600","value":{"@unit":"%","#text":"55"}},{"@type":"hourly","@h":"12","@datetime":"202309261200","value":{"@unit":"%","#text":"80"}},{"@type":"hourly","@h":"18","@datetime":"202309261800","value":{"@unit":"%","#text":"90"}},{"@type":"hourly","@h":"24","@datetime":"202309270000","value":{"@unit":"%","#text":"80"}},{"@type":"hourly","@h":"30","@datetime":"202309270600","value":{"@unit":"%","#text":"50"}},{"@type":"hourly","@h":"36","@datetime":"202309271200","value":{"@unit":"%","#text":"80"}},{"@type":"hourly","@h":"42","@datetime":"202309271800","value":{"@unit":"%","#text":"90"}},{"@type":"hourly","@h":"48","@datetime":"202309280000","value":{"@unit":"%","#text":"65"}},{"@type":"hourly","@h":"54","@datetime":"202309280600","value":{"@unit":"%","#text":"40"}},{"@type":"hourly","@h":"60","@datetime":"202309281200","value":{"@unit":"%","#text":"45"}},{"@type":"hourly","@h":"66","@datetime":"202309281800","value":{"@unit":"%","#text":"85"}}]},{"@id":"humax","@description":"Max humidity","@type":"daily","timerange":[{"@type":"daily","@day":"20230926","@datetime":"202309261200","value":{"@unit":"%","#text":"90"}},{"@type":"daily","@day":"20230927","@datetime":"202309271200","value":{"@unit":"%","#text":"90"}},{"@type":"daily","@day":"20230928","@datetime":"202309281200","value":{"@unit":"%","#text":"90"}}]},{"@id":"tmax","@description":"Max temperature","@type":"daily","timerange":[{"@type":"daily","@day":"20230926","@datetime":"202309261200","value":[{"@unit":"C","#text":"32"},{"@unit":"F","#text":"89.6"}]},{"@type":"daily","@day":"20230927","@datetime":"202309271200","value":[{"@unit":"C","#text":"32"},{"@unit":"F","#text":"89.6"}]},{"@type":"daily","@day":"20230928","@datetime":"202309281200","value":[{"@unit":"C","#text":"31"},{"@unit":"F","#text":"87.8"}]}]},{"@id":"humin","@description":"Min humidity","@type":"daily","timerange":[{"@type":"daily","@day":"20230926","@datetime":"202309261200","value":{"@unit":"%","#text":"55"}},{"@type":"daily","@day":"20230927","@datetime":"202309271200","value":{"@unit":"%","#text":"50"}},{"@type":"daily","@day":"20230928","@datetime":"202309281200","value":{"@unit":"%","#text":"40"}}]},{"@id":"tmin","@description":"Min temperature","@type":"daily","timerange":[{"@type":"daily","@day":"20230926","@datetime":"202309261200","value":[{"@unit":"C","#text":"17"},{"@unit":"F","#text":"62.6"}]},{"@type":"daily","@day":"20230927","@datetime":"202309271200","value":[{"@unit":"C","#text":"21"},{"@unit":"F","#text":"69.8"}]},{"@type":"daily","@day":"20230928","@datetime":"202309281200","value":[{"@unit":"C","#text":"20"},{"@unit":"F","#text":"68"}]}]},{"@id":"t","@description":"Temperature","@type":"hourly","timerange":[{"@type":"hourly","@h":"0","@datetime":"202309260000","value":[{"@unit":"C","#text":"20"},{"@unit":"F","#text":"68"}]},{"@type":"hourly","@h":"6","@datetime":"202309260600","value":[{"@unit":"C","#text":"32"},{"@unit":"F","#text":"89.6"}]},{"@type":"hourly","@h":"12","@datetime":"202309261200","value":[{"@unit":"C","#text":"25"},{"@unit":"F","#text":"77"}]},{"@type":"hourly","@h":"18","@datetime":"202309261800","value":[{"@unit":"C","#text":"22"},{"@unit":"F","#text":"71.6"}]},{"@type":"hourly","@h":"24","@datetime":"202309270000","value":[{"@unit":"C","#text":"24"},{"@unit":"F","#text":"75.2"}]},{"@type":"hourly","@h":"30","@datetime":"202309270600","value":[{"@unit":"C","#text":"32"},{"@unit":"F","#text":"89.6"}]},{"@type":"hourly","@h":"36","@datetime":"202309271200","value":[{"@unit":"C","#text":"23"},{"@unit":"F","#text":"73.4"}]},{"@type":"hourly","@h":"42","@datetime":"202309271800","value":[{"@unit":"C","#text":"22"},{"@unit":"F","#text":"71.6"}]},{"@type":"hourly","@h":"48","@datetime":"202309280000","value":[{"@unit":"C","#text":"20"},{"@unit":"F","#text":"68"}]},{"@type":"hourly","@h":"54","@datetime":"202309280600","value":[{"@unit":"C","#text":"31"},{"@unit":"F","#text":"87.8"}]},{"@type":"hourly","@h":"60","@datetime":"202309281200","value":[{"@unit":"C","#text":"24"},{"@unit":"F","#text":"75.2"}]},{"@type":"hourly","@h":"66","@datetime":"202309281800","value":[{"@unit":"C","#text":"21"},{"@unit":"F","#text":"69.8"}]}]},{"@id":"weather","@description":"Weather","@type":"hourly","timerange":[{"@type":"hourly","@h":"0","@datetime":"202309260000","value":{"@unit":"icon","#text":"1"}},{"@type":"hourly","@h":"6","@datetime":"202309260600","value":{"@unit":"icon","#text":"3"}},{"@type":"hourly","@h":"12","@datetime":"202309261200","value":{"@unit":"icon","#text":"3"}},{"@type":"hourly","@h":"18","@datetime":"202309261800","value":{"@unit":"icon","#text":"1"}},{"@type":"hourly","@h":"24","@datetime":"202309270000","value":{"@unit":"icon","#text":"1"}},{"@type":"hourly","@h":"30","@datetime":"202309270600","value":{"@unit":"icon","#text":"1"}},{"@type":"hourly","@h":"36","@datetime":"202309271200","value":{"@unit":"icon","#text":"1"}},{"@type":"hourly","@h":"42","@datetime":"202309271800","value":{"@unit":"icon","#text":"3"}},{"@type":"hourly","@h":"48","@datetime":"202309280000","value":{"@unit":"icon","#text":"0"}},{"@type":"hourly","@h":"54","@datetime":"202309280600","value":{"@unit":"icon","#text":"1"}},{"@type":"hourly","@h":"60","@datetime":"202309281200","value":{"@unit":"icon","#text":"0"}},{"@type":"hourly","@h":"66","@datetime":"202309281800","value":{"@unit":"icon","#text":"1"}}]},{"@id":"wd","@description":"Wind direction","@type":"hourly","timerange":[{"@type":"hourly","@h":"0","@datetime":"202309260000","value":[{"@unit":"deg","#text":"135"},{"@unit":"CARD","#text":"SE"},{"@unit":"SEXA","#text":"13500"}]},{"@type":"hourly","@h":"6","@datetime":"202309260600","value":[{"@unit":"deg","#text":"67.5"},{"@unit":"CARD","#text":"ENE"},{"@unit":"SEXA","#text":"6730"}]},{"@type":"hourly","@h":"12","@datetime":"202309261200","value":[{"@unit":"deg","#text":"90"},{"@unit":"CARD","#text":"E"},{"@unit":"SEXA","#text":"9000"}]},{"@type":"hourly","@h":"18","@datetime":"202309261800","value":[{"@unit":"deg","#text":"135"},{"@unit":"CARD","#text":"SE"},{"@unit":"SEXA","#text":"13500"}]},{"@type":"hourly","@h":"24","@datetime":"202309270000","value":[{"@unit":"deg","#text":"67.5"},{"@unit":"CARD","#text":"ENE"},{"@unit":"SEXA","#text":"6730"}]},{"@type":"hourly","@h":"30","@datetime":"202309270600","value":[{"@unit":"deg","#text":"180"},{"@unit":"CARD","#text":"S"},{"@unit":"SEXA","#text":"18000"}]},{"@type":"hourly","@h":"36","@datetime":"202309271200","value":[{"@unit":"deg","#text":"90"},{"@unit":"CARD","#text":"E"},{"@unit":"SEXA","#text":"9000"}]},{"@type":"hourly","@h":"42","@datetime":"202309271800","value":[{"@unit":"deg","#text":"45"},{"@unit":"CARD","#text":"NE"},{"@unit":"SEXA","#text":"4500"}]},{"@type":"hourly","@h":"48","@datetime":"202309280000","value":[{"@unit":"deg","#text":"67.5"},{"@unit":"CARD","#text":"ENE"},{"@unit":"SEXA","#text":"6730"}]},{"@type":"hourly","@h":"54","@datetime":"202309280600","value":[{"@unit":"deg","#text":"90"},{"@unit":"CARD","#text":"E"},{"@unit":"SEXA","#text":"9000"}]},{"@type":"hourly","@h":"60","@datetime":"202309281200","value":[{"@unit":"deg","#text":"67.5"},{"@unit":"CARD","#text":"ENE"},{"@unit":"SEXA","#text":"6730"}]},{"@type":"hourly","@h":"66","@datetime":"202309281800","value":[{"@unit":"deg","#text":"67.5"},{"@unit":"CARD","#text":"ENE"},{"@unit":"SEXA","#text":"6730"}]}]},{"@id":"ws","@description":"Wind speed","@type":"hourly","timerange":[{"@type":"hourly","@h":"0","@datetime":"202309260000","value":[{"@unit":"Kt","#text":"5"},{"@unit":"MPH","#text":"5.75389725"},{"@unit":"KPH","#text":"9.26"},{"@unit":"MS","#text":"2.57222222"}]},{"@type":"hourly","@h":"6","@datetime":"202309260600","value":[{"@unit":"Kt","#text":"10"},{"@unit":"MPH","#text":"11.5077945"},{"@unit":"KPH","#text":"18.52"},{"@unit":"MS","#text":"5.14444444"}]},{"@type":"hourly","@h":"12","@datetime":"202309261200","value":[{"@unit":"Kt","#text":"5"},{"@unit":"MPH","#text":"5.75389725"},{"@unit":"KPH","#text":"9.26"},{"@unit":"MS","#text":"2.57222222"}]},{"@type":"hourly","@h":"18","@datetime":"202309261800","value":[{"@unit":"Kt","#text":"2"},{"@unit":"MPH","#text":"2.3015589"},{"@unit":"KPH","#text":"3.704"},{"@unit":"MS","#text":"1.028888888"}]},{"@type":"hourly","@h":"24","@datetime":"202309270000","value":[{"@unit":"Kt","#text":"5"},{"@unit":"MPH","#text":"5.75389725"},{"@unit":"KPH","#text":"9.26"},{"@unit":"MS","#text":"2.57222222"}]},{"@type":"hourly","@h":"30","@datetime":"202309270600","value":[{"@unit":"Kt","#text":"5"},{"@unit":"MPH","#text":"5.75389725"},{"@unit":"KPH","#text":"9.26"},{"@unit":"MS","#text":"2.57222222"}]},{"@type":"hourly","@h":"36","@datetime":"202309271200","value":[{"@unit":"Kt","#text":"5"},{"@unit":"MPH","#text":"5.75389725"},{"@unit":"KPH","#text":"9.26"},{"@unit":"MS","#text":"2.57222222"}]},{"@type":"hourly","@h":"42","@datetime":"202309271800","value":[{"@unit":"Kt","#text":"5"},{"@unit":"MPH","#text":"5.75389725"},{"@unit":"KPH","#text":"9.26"},{"@unit":"MS","#text":"2.57222222"}]},{"@type":"hourly","@h":"48","@datetime":"202309280000","value":[{"@unit":"Kt","#text":"5"},{"@unit":"MPH","#text":"5.75389725"},{"@unit":"KPH","#text":"9.26"},{"@unit":"MS","#text":"2.57222222"}]},{"@type":"hourly","@h":"54","@datetime":"202309280600","value":[{"@unit":"Kt","#text":"5"},{"@unit":"MPH","#text":"5.75389725"},{"@unit":"KPH","#text":"9.26"},{"@unit":"MS","#text":"2.57222222"}]},{"@type":"hourly","@h":"60","@datetime":"202309281200","value":[{"@unit":"Kt","#text":"5"},{"@unit":"MPH","#text":"5.75389725"},{"@unit":"KPH","#text":"9.26"},{"@unit":"MS","#text":"2.57222222"}]},{"@type":"hourly","@h":"66","@datetime":"202309281800","value":[{"@unit":"Kt","#text":"5"},{"@unit":"MPH","#text":"5.75389725"},{"@unit":"KPH","#text":"9.26"},{"@unit":"MS","#text":"2.57222222"}]}]}],"timestamp":"20230926025946","year":"2023","month":"09","day":"26","hour":"02","minute":"59","second":"46"}]